{"eval_cfr_iter":1,"total_winnings_mbb":-294333.3333333333,"mbb_per_hand":-294.3333333333333,"session_baseline_total_avg_mbb":-67841.33333333334,"_timestamp":1.7309579969124157e+09,"_runtime":4296.245614101,"_step":0,"_wandb":{"runtime":8882}}