{"_step":0,"eval_cfr_iter":1,"total_winnings_mbb":-386.6666666666667,"mbb_per_hand":-38.66666666666667,"session_baseline_total_avg_mbb":-7963.999999999999,"_wandb":{"runtime":1},"_timestamp":1.730926127607137e+09,"_runtime":1.854272}