{"eval_cfr_iter":2,"total_winnings_mbb":2200,"mbb_per_hand":220.00000000000003,"session_baseline_total_avg_mbb":-17295.333333333336,"_timestamp":1.7309262235172942e+09,"_wandb":{"runtime":55},"_runtime":2.550227,"_step":1}