{"_wandb":{"runtime":9},"_timestamp":1.730926298313153e+09,"_runtime":3.260027,"_step":1,"eval_cfr_iter":2,"total_winnings_mbb":-6520,"mbb_per_hand":-651.9999999999999,"session_baseline_total_avg_mbb":-2527.3333333333335}