{"_step":20,"eval_cfr_iter":21,"total_winnings_mbb":-512906.6666666666,"_wandb":{"runtime":16734},"mbb_per_hand":-512.9066666666666,"session_baseline_total_avg_mbb":-229180.7421185673,"_timestamp":1.7309428932925172e+09,"_runtime":16552.109106}