{"session_baseline_total_avg_mbb":-850.6666666666666,"_wandb":{"runtime":1},"_timestamp":1.730926196778004e+09,"_runtime":1.5632869999999999,"_step":0,"eval_cfr_iter":1,"total_winnings_mbb":-11706.666666666668,"mbb_per_hand":-1170.6666666666667}