{"session_baseline_total_avg_mbb":1529.4166666666667,"_wandb":{"runtime":10},"_timestamp":1.7309536320686934e+09,"_runtime":10.048660617,"_step":7,"eval_cfr_iter":8,"total_winnings_mbb":-7853.333333333334,"mbb_per_hand":-785.3333333333334}